ID,Species,LMA,WC,LDMC,EWT
1,Prunus virginiana,73.8916,65.4867,34.5133,0.014
2,Prunus virginiana,73.3554,65.5556,34.4444,0.014
3,Prunus virginiana,73.2477,69.3396,30.6604,0.0166
4,Prunus virginiana,75.4612,65.8228,34.1772,0.0145
5,Prunus virginiana,67.6688,67.4938,32.5062,0.0141
6,Prunus virginiana,67.6126,70.2032,29.7968,0.0159
7,Prunus virginiana,64.0362,71.4697,28.5303,0.016
8,Prunus virginiana,77.1007,70.7921,29.2079,0.0187
9,Prunus virginiana,69.3114,73.5652,26.4348,0.0193
10,Prunus virginiana,57.2395,72.6708,27.3292,0.0152
11,Prunus virginiana,60.4429,74.0175,25.9825,0.0172
12,Prunus virginiana,63.1895,71.8377,28.1623,0.0161
13,Prunus virginiana,61.2835,72.3077,27.6923,0.016
14,Prunus virginiana,60.1511,73.9583,26.0417,0.0171
15,Prunus virginiana,63.3957,72.5914,27.4086,0.0168
16,Prunus virginiana,48.4884,75.1412,24.8588,0.0147
17,Prunus virginiana,42.2207,75.8333,24.1667,0.0132
18,Prunus virginiana,48.471,76.087,23.913,0.0154
19,Prunus virginiana,45.6573,76.0602,23.9398,0.0145
20,Prunus virginiana,47.2813,70.9804,29.0196,0.0116
21,Acer rubrum,47.1657,69.078,30.922,0.0105
22,Acer rubrum,42.1972,71.3576,28.6424,0.0105
23,Acer rubrum,37.6978,68.2609,31.7391,0.0081
24,Acer rubrum,41.9016,74.5211,25.4789,0.0123
25,Acer rubrum,41.9246,70.442,29.558,0.01
26,Acer rubrum,50.5808,66.092,33.908,0.0099
27,Acer rubrum,50.7545,64.8903,35.1097,0.0094
28,Acer rubrum,47.4608,66.6667,33.3333,0.0095
29,Acer rubrum,48.6037,65.5172,34.4828,0.0092
30,Acer rubrum,45.3384,67.0659,32.9341,0.0092
31,Acer rubrum,53.4462,65.5224,34.4776,0.0102
32,Acer rubrum,47.602,67.2646,32.7354,0.0098
33,Acer rubrum,56.2745,65.9483,34.0517,0.0109
34,Acer rubrum,51.8304,66.8657,33.1343,0.0105
35,Acer rubrum,54.456,67.0886,32.9114,0.0111
36,Acer rubrum,60.4515,67.5342,32.4658,0.0126
37,Acer rubrum,53.2147,68.8253,31.1747,0.0117
38,Acer rubrum,59.4814,66.7125,33.2875,0.0119
39,Acer rubrum,60.035,66.8254,33.1746,0.0121
40,Acer rubrum,45.57,71.8245,28.1755,0.0116
41,Quercus macrocarpa,46.2843,73.3167,26.6833,0.0127
42,Quercus macrocarpa,73.2409,76.2712,23.7288,0.0235
43,Quercus macrocarpa,51.4153,74.4089,25.5911,0.0149
44,Quercus macrocarpa,53.495,71.9917,28.0083,0.0138
45,Quercus macrocarpa,54.9928,70.948,29.052,0.0134
46,Quercus macrocarpa,45.1305,74.9091,25.0909,0.0135
47,Quercus macrocarpa,45.4972,74.9004,25.0996,0.0136
48,Quercus macrocarpa,45.0197,74.6032,25.3968,0.0132
49,Quercus macrocarpa,45.9589,73.8806,26.1194,0.013
50,Quercus macrocarpa,41.9475,75.6972,24.3028,0.0131
51,Quercus macrocarpa,47.4941,79.3478,20.6522,0.0182
52,Quercus macrocarpa,42.088,78.635,21.365,0.0155
53,Quercus macrocarpa,41.091,78.9474,21.0526,0.0154
54,Quercus macrocarpa,37.0201,79.7222,20.2778,0.0146
55,Quercus macrocarpa,42.4268,79.1667,20.8333,0.0161
56,Quercus macrocarpa,45.8449,76.0135,23.9865,0.0145
57,Quercus macrocarpa,45.7947,73.7089,26.2911,0.0128
58,Quercus macrocarpa,41.1843,75.3333,24.6667,0.0126
59,Quercus macrocarpa,47.7064,74.6341,25.3659,0.014
60,Quercus macrocarpa,51.8479,72.8223,27.1777,0.0139
61,Ulmus americana,53.3345,74.7917,25.2083,0.0158
62,Ulmus americana,62.545,75.1648,24.8352,0.0189
63,Ulmus americana,52.4684,74.5958,25.4042,0.0154
64,Ulmus americana,50.2417,75.8779,24.1221,0.0158
65,Ulmus americana,48.0031,77.1062,22.8938,0.0162
66,Ulmus americana,44.6318,75.6208,24.3792,0.0138
67,Ulmus americana,42.2761,76.129,23.871,0.0135
68,Ulmus americana,41.0084,78.7952,21.2048,0.0152
69,Ulmus americana,42.9749,75.5,24.5,0.0132
70,Ulmus americana,46.0706,74.8624,25.1376,0.0137
71,Ulmus americana,44.4133,76.3682,23.6318,0.0144
72,Ulmus americana,47.0937,75.2294,24.7706,0.0143
73,Ulmus americana,53.0374,75.7463,24.2537,0.0166
74,Ulmus americana,47.0511,73.5385,26.4615,0.0131
75,Ulmus americana,50.8277,73.7981,26.2019,0.0143
76,Ulmus americana,51.4842,75.0487,24.9513,0.0155
77,Ulmus americana,45.7317,73.7991,26.2009,0.0129
78,Ulmus americana,47.4387,72.5173,27.4827,0.0125
79,Ulmus americana,49.0701,72.9545,27.0455,0.0132
80,Ulmus americana,51.8832,72.7273,27.2727,0.0138
81,Syringa reticulata,23.6173,81.8919,18.1081,0.0107
82,Syringa reticulata,24.2346,79.6407,20.3593,0.0095
83,Syringa reticulata,23.0157,81.6273,18.3727,0.0102
84,Syringa reticulata,22.7618,81.5508,18.4492,0.0101
85,Syringa reticulata,24.7354,80.4211,19.5789,0.0102
86,Syringa reticulata,46.379,76.4808,23.5192,0.0151
87,Syringa reticulata,46.3967,76.673,23.327,0.0153
88,Syringa reticulata,38.835,79.3621,20.6379,0.0149
89,Syringa reticulata,41.0074,79.7131,20.2869,0.0161
90,Syringa reticulata,27.9122,80.315,19.685,0.0114
91,Syringa reticulata,40.3045,77.8689,22.1311,0.0142
92,Syringa reticulata,25.7368,80.6818,19.3182,0.0107
93,Syringa reticulata,25.6281,79.1822,20.8178,0.0097
94,Syringa reticulata,26.1281,79.3872,20.6128,0.0101
95,Syringa reticulata,47.5232,76.7402,23.2598,0.0157
96,Prunus virginiana,94.5445,61.658,38.342,0.0152
97,Prunus virginiana,98.9827,59.4366,40.5634,0.0145
98,Prunus virginiana,92.6848,58.8435,41.1565,0.0133
99,Prunus virginiana,89.0269,62.7168,37.2832,0.015
100,Prunus virginiana,81.1641,63.7255,36.2745,0.0143
101,Prunus virginiana,76.3638,65.1667,34.8333,0.0143
102,Prunus virginiana,94.1471,64.4654,35.5346,0.0171
103,Prunus virginiana,69.9643,65.8703,34.1297,0.0135
104,Prunus virginiana,98.8739,64.2857,35.7143,0.0178
105,Prunus virginiana,71.3377,66.4935,33.5065,0.0142
106,Prunus virginiana,78.2054,66.9565,33.0435,0.0158
107,Prunus virginiana,84.3683,64.5119,35.4881,0.0153
108,Prunus virginiana,85.8205,64.9452,35.0548,0.0159
109,Prunus virginiana,82.7037,65.6134,34.3866,0.0158
110,Prunus virginiana,81.3057,65.0386,34.9614,0.0151
111,Prunus virginiana,58.4462,67.3307,32.6693,0.012
112,Prunus virginiana,73.1502,69.0423,30.9577,0.0163
113,Prunus virginiana,62.9619,69.8361,30.1639,0.0146
114,Prunus virginiana,56.0013,72.314,27.686,0.0146
115,Prunus virginiana,76.0922,62.6594,37.3406,0.0128
116,Acer rubrum,66.9168,61.997,38.003,0.0109
117,Acer rubrum,62.9649,59.4982,40.5018,0.0092
118,Acer rubrum,64.1978,58.5895,41.4105,0.0091
119,Acer rubrum,62.0214,59.2516,40.7484,0.009
120,Acer rubrum,61.6311,59.203,40.797,0.0089
121,Acer rubrum,56.2852,63.2017,36.7983,0.0097
122,Acer rubrum,57.9156,63.9291,36.0709,0.0103
123,Acer rubrum,52.6548,64.4279,35.5721,0.0095
124,Acer rubrum,52.8914,64.0221,35.9779,0.0094
125,Acer rubrum,54.7689,62.5616,37.4384,0.0092
126,Acer rubrum,59.843,62.439,37.561,0.0099
127,Acer rubrum,53.9052,63.4921,36.5079,0.0094
128,Acer rubrum,58.521,61.7761,38.2239,0.0095
129,Acer rubrum,59.0626,60.7914,39.2086,0.0092
130,Acer rubrum,60.1869,62.2517,37.7483,0.0099
131,Acer rubrum,59.0171,64.0127,35.9873,0.0105
132,Acer rubrum,60.0786,63.3562,36.6438,0.0104
133,Acer rubrum,60.4309,63.3952,36.6048,0.0105
134,Acer rubrum,68.7819,58.8859,41.1141,0.0099
135,Acer rubrum,62.4945,64.094,35.906,0.0112
136,Quercus macrocarpa,95.6588,60.2925,39.7075,0.0145
137,Quercus macrocarpa,78.3423,62.0493,37.9507,0.0128
138,Quercus macrocarpa,87.3259,61.2971,38.7029,0.0138
139,Quercus macrocarpa,98.9718,59.0234,40.9766,0.0143
140,Quercus macrocarpa,82.6488,62.2685,37.7315,0.0136
141,Quercus macrocarpa,72.1557,64.557,35.443,0.0131
142,Quercus macrocarpa,76.4318,64.52,35.48,0.0139
143,Quercus macrocarpa,89.7584,62.7995,37.2005,0.0152
144,Quercus macrocarpa,76.6494,62,38,0.0125
145,Quercus macrocarpa,78.6088,61.0022,38.9978,0.0123
146,Quercus macrocarpa,62.4976,65.6051,34.3949,0.0119
147,Quercus macrocarpa,69.261,64.8693,35.1307,0.0128
148,Quercus macrocarpa,57.892,65.5405,34.4595,0.011
149,Quercus macrocarpa,77.735,64.7249,35.2751,0.0143
150,Quercus macrocarpa,60.9246,64.4986,35.5014,0.0111
151,Quercus macrocarpa,70.7384,66.9735,33.0265,0.0143
152,Quercus macrocarpa,52.3312,68.3625,31.6375,0.0113
153,Quercus macrocarpa,54.9039,67.6471,32.3529,0.0115
154,Quercus macrocarpa,59.2836,66.581,33.419,0.0118
155,Quercus macrocarpa,58.8865,66.8213,33.1787,0.0119
156,Ulmus americana,60.0428,70.2041,29.7959,0.0141
157,Ulmus americana,68.5176,67.6966,32.3034,0.0144
158,Ulmus americana,70.5958,68.75,31.25,0.0155
159,Ulmus americana,70.3528,70.0665,29.9335,0.0165
160,Ulmus americana,55.2164,71.5278,28.4722,0.0139
161,Ulmus americana,62.2235,70.7383,29.2617,0.015
162,Ulmus americana,59.0646,72.2307,27.7693,0.0154
163,Ulmus americana,66.8638,71.2707,28.7293,0.0166
164,Ulmus americana,60.9196,69.4175,30.5825,0.0138
165,Ulmus americana,58.6767,71.5221,28.4779,0.0147
166,Ulmus americana,68.9901,69.7266,30.2734,0.0159
167,Ulmus americana,68.9065,72.7273,27.2727,0.0184
168,Ulmus americana,67.8806,71.0562,28.9438,0.0167
169,Ulmus americana,61.3997,72.0524,27.9476,0.0158
170,Ulmus americana,80.0084,68.1913,31.8087,0.0172
171,Ulmus americana,49.9686,76.2458,23.7542,0.016
172,Ulmus americana,47.0362,75.8344,24.1656,0.0148
173,Ulmus americana,52.0382,76.2755,23.7245,0.0167
174,Ulmus americana,54.628,75.3463,24.6537,0.0167
175,Ulmus americana,47.0547,75.1152,24.8848,0.0142
176,Syringa reticulata,51.4045,71.0949,28.9051,0.0126
177,Syringa reticulata,59.835,72.1455,27.8545,0.0155
178,Syringa reticulata,54.6162,71.9731,28.0269,0.014
179,Syringa reticulata,48.4686,74.103,25.897,0.0139
180,Syringa reticulata,51.9256,72.3183,27.6817,0.0136
181,Syringa reticulata,49.5346,73.3447,26.6553,0.0136
182,Syringa reticulata,50.9096,73.822,26.178,0.0144
183,Syringa reticulata,49.878,72.8516,27.1484,0.0134
184,Syringa reticulata,41.5425,74.9367,25.0633,0.0124
185,Syringa reticulata,53.0906,72,28,0.0137
186,Syringa reticulata,58.9008,71.8166,28.1834,0.015
187,Syringa reticulata,51.7229,73.0097,26.9903,0.014
188,Syringa reticulata,57.1306,74.2131,25.7869,0.0164
189,Syringa reticulata,48.6742,72.2393,27.7607,0.0127
190,Syringa reticulata,64.7734,71.6934,28.3066,0.0164
191,Prunus virginiana,93.09,60.453,39.547,0.0142
192,Prunus virginiana,101.615,61.1111,38.8889,0.016
193,Prunus virginiana,100.7403,60.8309,39.1691,0.0156
194,Prunus virginiana,95.0521,62.5641,37.4359,0.0159
195,Prunus virginiana,92.9888,60.6272,39.3728,0.0143
196,Prunus virginiana,102.749,59.2992,40.7008,0.015
197,Prunus virginiana,96.6751,63.2302,36.7698,0.0166
198,Prunus virginiana,102.4842,57.0447,42.9553,0.0136
199,Prunus virginiana,88.0067,60.6695,39.3305,0.0136
200,Prunus virginiana,98.2235,60.372,39.628,0.015
201,Prunus virginiana,110.2602,62.0635,37.9365,0.018
202,Prunus virginiana,100.2095,61.3357,38.6643,0.0159
203,Prunus virginiana,92.5277,64.8313,35.1687,0.0171
204,Prunus virginiana,85.8774,63.0561,36.9439,0.0147
205,Prunus virginiana,97.9631,56.5966,43.4034,0.0128
206,Prunus virginiana,53.0197,73.43,26.57,0.0147
207,Prunus virginiana,66.6948,68.306,31.694,0.0144
208,Prunus virginiana,90.6711,66.9611,33.0389,0.0184
209,Prunus virginiana,62.7625,72.1311,27.8689,0.0162
210,Prunus virginiana,60.8875,67.4632,32.5368,0.0126
211,Acer rubrum,72.8241,59.8338,40.1662,0.0108
212,Acer rubrum,64.2265,60.0858,39.9142,0.0097
213,Acer rubrum,74.6576,57.7259,42.2741,0.0102
214,Acer rubrum,66.3399,63.1868,36.8132,0.0114
215,Acer rubrum,75.165,57.6355,42.3645,0.0102
216,Acer rubrum,67.4353,60.2837,39.7163,0.0102
217,Acer rubrum,72.3449,60.7306,39.2694,0.0112
218,Acer rubrum,69.2893,60.6628,39.3372,0.0107
219,Acer rubrum,65.4739,61.6034,38.3966,0.0105
220,Acer rubrum,64.5182,61.7261,38.2739,0.0104
221,Acer rubrum,67.0137,61.3267,38.6733,0.0106
222,Acer rubrum,64.6463,60.3535,39.6465,0.0098
223,Acer rubrum,61.3878,59.8194,40.1806,0.0091
224,Acer rubrum,66.1216,62.3941,37.6059,0.011
225,Acer rubrum,53.3563,66.9333,33.0667,0.0108
226,Acer rubrum,48.455,58.6634,41.3366,0.0069
227,Acer rubrum,43.6889,66.3004,33.6996,0.0086
228,Acer rubrum,47.5639,65.5109,34.4891,0.009
229,Acer rubrum,50.7734,64.4737,35.5263,0.0092
230,Acer rubrum,52.9532,61.194,38.806,0.0084
231,Quercus macrocarpa,81.3447,61.1916,38.8084,0.0128
232,Quercus macrocarpa,75.0264,62.0035,37.9965,0.0122
233,Quercus macrocarpa,56.6214,64.876,35.124,0.0105
234,Quercus macrocarpa,88.9367,61.7111,38.2889,0.0143
235,Quercus macrocarpa,69.5093,62.8125,37.1875,0.0117
236,Quercus macrocarpa,68.5935,65.2303,34.7697,0.0129
237,Quercus macrocarpa,68.5536,63.3708,36.6292,0.0119
238,Quercus macrocarpa,83.0442,61.0667,38.9333,0.013
239,Quercus macrocarpa,84.9791,61.588,38.412,0.0136
240,Quercus macrocarpa,65.3975,63.2153,36.7847,0.0112
241,Quercus macrocarpa,80.9842,63.2224,36.7776,0.0139
242,Quercus macrocarpa,83.8294,62.3313,37.6687,0.0139
243,Quercus macrocarpa,74.444,63.1579,36.8421,0.0128
244,Quercus macrocarpa,90.2865,62,38,0.0147
245,Quercus macrocarpa,88.3126,61.8135,38.1865,0.0143
246,Quercus macrocarpa,86.6877,60.5505,39.4495,0.0133
247,Quercus macrocarpa,86.8969,61.3232,38.6768,0.0138
248,Quercus macrocarpa,94.6113,59.2018,40.7982,0.0137
249,Quercus macrocarpa,102.5497,60.2657,39.7343,0.0156
250,Quercus macrocarpa,107.2756,61.5238,38.4762,0.0172
251,Ulmus americana,79.7816,66.7851,33.2149,0.016
252,Ulmus americana,75.0045,68.381,31.619,0.0162
253,Ulmus americana,72.2075,68.1818,31.8182,0.0155
254,Ulmus americana,61.6413,69.898,30.102,0.0143
255,Ulmus americana,75.0591,66.4234,33.5766,0.0148
256,Ulmus americana,65.7922,67.3428,32.6572,0.0136
257,Ulmus americana,69.8702,69.5021,30.4979,0.0159
258,Ulmus americana,60.5472,73.0897,26.9103,0.0164
259,Ulmus americana,74.3478,66.0118,33.9882,0.0144
260,Ulmus americana,81.0366,62.7599,37.2401,0.0137
261,Ulmus americana,86.4647,67.2578,32.7422,0.0178
262,Ulmus americana,70.7951,70.0483,29.9517,0.0166
263,Ulmus americana,76.3799,62.9325,37.0675,0.013
264,Ulmus americana,60.9964,76.6328,23.3672,0.02
265,Ulmus americana,87.8892,63.5052,36.4948,0.0153
266,Ulmus americana,70.9201,69.5703,30.4297,0.0162
267,Ulmus americana,80.3692,68.4629,31.5371,0.0174
268,Ulmus americana,81.5857,69.1011,30.8989,0.0182
269,Ulmus americana,66.3186,73.9207,26.0793,0.0188
270,Ulmus americana,64.4871,75.1087,24.8913,0.0195
271,Syringa reticulata,50.2622,68.7075,31.2925,0.011
272,Syringa reticulata,56.7847,71.639,28.361,0.0143
273,Syringa reticulata,47.5144,70.354,29.646,0.0113
274,Syringa reticulata,60.8014,68.7427,31.2573,0.0134
275,Syringa reticulata,63.8836,69.0184,30.9816,0.0142
276,Syringa reticulata,74.836,62.7876,37.2124,0.0126
277,Syringa reticulata,54.3013,75.3378,24.6622,0.0166
278,Syringa reticulata,48.2432,72.7273,27.2727,0.0129
279,Syringa reticulata,60.1693,70.2128,29.7872,0.0142
280,Syringa reticulata,72.9285,61.0215,38.9785,0.0114
281,Syringa reticulata,68.4031,69.251,30.749,0.0154
282,Syringa reticulata,81.9198,65.7993,34.2007,0.0158
283,Syringa reticulata,72.2711,64.4172,35.5828,0.0131
284,Syringa reticulata,57.5449,69.7492,30.2508,0.0133
285,Syringa reticulata,69.4482,72.073,27.927,0.0179
286,Prunus virginiana,83.2679,54.1667,45.8333,0.0098
287,Prunus virginiana,81.7539,61.1511,38.8489,0.0129
288,Prunus virginiana,96.8935,56.7568,43.2432,0.0127
289,Prunus virginiana,84.7818,57.2519,42.7481,0.0114
290,Prunus virginiana,84.7818,59.4203,40.5797,0.0124
291,Prunus virginiana,77.212,60.4651,39.5349,0.0118
292,Prunus virginiana,99.9214,59.0062,40.9938,0.0144
293,Prunus virginiana,72.6701,62.7907,37.2093,0.0123
294,Prunus virginiana,107.4912,56.9697,43.0303,0.0142
295,Prunus virginiana,116.575,56.9832,43.0168,0.0154
296,Prunus virginiana,63.5864,63.1579,36.8421,0.0109
297,Prunus virginiana,59.0445,65.1786,34.8214,0.0111
298,Prunus virginiana,84.7818,59.4203,40.5797,0.0124
299,Prunus virginiana,72.6701,60.3306,39.6694,0.0111
300,Prunus virginiana,69.6422,63.2,36.8,0.012
301,Prunus virginiana,48.4468,67.6768,32.3232,0.0101
302,Prunus virginiana,56.0166,64.7619,35.2381,0.0103
303,Prunus virginiana,52.9886,63.9175,36.0825,0.0094
304,Prunus virginiana,45.4188,67.3913,32.6087,0.0094
305,Prunus virginiana,65.1003,61.6071,38.3929,0.0104
306,Acer rubrum,56.0166,51.3158,48.6842,0.0059
307,Acer rubrum,59.0445,54.1176,45.8824,0.007
308,Acer rubrum,59.0445,55.6818,44.3182,0.0074
309,Acer rubrum,57.5305,56.3218,43.6782,0.0074
310,Acer rubrum,57.5305,56.3218,43.6782,0.0074
311,Acer rubrum,43.9049,65.0602,34.9398,0.0082
312,Acer rubrum,40.8769,66.25,33.75,0.008
313,Acer rubrum,48.4468,62.7907,37.2093,0.0082
314,Acer rubrum,52.9886,60.2273,39.7727,0.008
315,Acer rubrum,49.9607,62.5,37.5,0.0083
316,Acer rubrum,93.3631,53.5354,46.4646,0.0108
317,Acer rubrum,88.2648,53.6842,46.3158,0.0102
318,Acer rubrum,82.2963,54.9451,45.0549,0.01
319,Acer rubrum,95.161,52.5253,47.4747,0.0105
320,Acer rubrum,89.1591,53.1915,46.8085,0.0101
321,Acer rubrum,112.9265,51.0417,48.9583,0.0118
322,Acer rubrum,99.781,54.9451,45.0549,0.0122
323,Acer rubrum,106.1991,51.6854,48.3146,0.0114
324,Acer rubrum,100.4228,51.8987,48.1013,0.0108
325,Acer rubrum,112.2449,50,50,0.0112
326,Quercus macrocarpa,127.0452,59.5092,40.4908,0.0187
327,Quercus macrocarpa,115.0307,59.4595,40.5405,0.0169
328,Quercus macrocarpa,126.8255,59.5092,40.4908,0.0186
329,Quercus macrocarpa,102.2364,60.9756,39.0244,0.016
330,Quercus macrocarpa,137.6971,57.4074,42.5926,0.0186
331,Quercus macrocarpa,93.9702,59.6639,40.3361,0.0139
332,Quercus macrocarpa,74.3282,61.7647,38.2353,0.012
333,Quercus macrocarpa,100.5025,56.6667,43.3333,0.0131
334,Quercus macrocarpa,98.2358,57.7586,42.2414,0.0134
335,Quercus macrocarpa,93.0141,59.1304,40.8696,0.0135
336,Quercus macrocarpa,77.7977,59.7938,40.2062,0.0116
337,Quercus macrocarpa,84.5884,62.3853,37.6147,0.014
338,Quercus macrocarpa,81.6993,59.1837,40.8163,0.0118
339,Quercus macrocarpa,82.9258,57.6087,42.3913,0.0113
340,Quercus macrocarpa,85.4345,59.4059,40.5941,0.0125
341,Quercus macrocarpa,96.911,60.3306,39.6694,0.0147
342,Quercus macrocarpa,104.1257,56.1983,43.8017,0.0134
343,Quercus macrocarpa,107.2104,57.8512,42.1488,0.0147
344,Quercus macrocarpa,122.8209,57.5342,42.4658,0.0166
345,Quercus macrocarpa,110.261,60.8,39.2,0.0171
346,Ulmus americana,62.0724,60.5769,39.4231,0.0095
347,Ulmus americana,52.9886,64.6465,35.3535,0.0097
348,Ulmus americana,59.0445,63.2075,36.7925,0.0101
349,Ulmus americana,54.5026,62.1053,37.8947,0.0089
350,Ulmus americana,49.9607,64.5161,35.4839,0.0091
351,Ulmus americana,74.1841,65,35,0.0138
352,Ulmus americana,65.1003,65.3226,34.6774,0.0123
353,Ulmus americana,69.6422,64.8855,35.1145,0.0129
354,Ulmus americana,68.1282,64.2857,35.7143,0.0123
355,Ulmus americana,62.0724,63.7168,36.2832,0.0109
356,Ulmus americana,72.6701,62.7907,37.2093,0.0123
357,Ulmus americana,77.212,60.7692,39.2308,0.012
358,Ulmus americana,80.2399,61.0294,38.9706,0.0126
359,Ulmus americana,62.0724,62.3853,37.6147,0.0103
360,Ulmus americana,68.1282,63.7097,36.2903,0.012
361,Ulmus americana,75.698,68.75,31.25,0.0167
362,Ulmus americana,72.6701,66.8966,33.1034,0.0147
363,Ulmus americana,59.0445,68.0328,31.9672,0.0126
364,Ulmus americana,71.1562,68.4564,31.5436,0.0154
365,Ulmus americana,56.0166,70.4,29.6,0.0133
366,Syringa reticulata,45.4188,69.697,30.303,0.0104
367,Syringa reticulata,57.5305,66.0714,33.9286,0.0112
368,Syringa reticulata,54.5026,68.6957,31.3043,0.012
369,Syringa reticulata,51.4747,66.9903,33.0097,0.0104
370,Syringa reticulata,42.3909,69.2308,30.7692,0.0095
371,Syringa reticulata,56.0166,67.2566,32.7434,0.0115
372,Syringa reticulata,63.5864,65.2893,34.7107,0.012
373,Syringa reticulata,56.0166,64.7619,35.2381,0.0103
374,Syringa reticulata,43.9049,65.8824,34.1176,0.0085
375,Syringa reticulata,59.0445,59.375,40.625,0.0086
376,Syringa reticulata,80.2399,61.3139,38.6861,0.0127
377,Syringa reticulata,69.6422,62.6016,37.3984,0.0117
378,Syringa reticulata,71.1562,62.9921,37.0079,0.0121
379,Syringa reticulata,66.6143,63.9344,36.0656,0.0118
380,Syringa reticulata,69.6422,64.0625,35.9375,0.0124
381,Prunus virginiana,89.3237,57.2464,42.7536,0.012
382,Prunus virginiana,80.2399,61.5942,38.4058,0.0129
383,Prunus virginiana,77.212,59.2,40.8,0.0112
384,Prunus virginiana,78.726,60,40,0.0118
385,Prunus virginiana,66.6143,61.4035,38.5965,0.0106
386,Prunus virginiana,57.5305,66.6667,33.3333,0.0115
387,Prunus virginiana,66.6143,65.0794,34.9206,0.0124
388,Prunus virginiana,69.6422,61.6667,38.3333,0.0112
389,Prunus virginiana,113.5471,60.1064,39.8936,0.0171
390,Prunus virginiana,66.6143,66.6667,33.3333,0.0133
391,Prunus virginiana,77.212,61.9403,38.0597,0.0126
392,Prunus virginiana,72.6701,63.6364,36.3636,0.0127
393,Prunus virginiana,65.1003,64.4628,35.5372,0.0118
394,Prunus virginiana,81.7539,64.2384,35.7616,0.0147
395,Prunus virginiana,69.6422,58.9286,41.0714,0.01
396,Prunus virginiana,52.9886,69.2982,30.7018,0.012
397,Prunus virginiana,40.8769,70.3297,29.6703,0.0097
398,Prunus virginiana,51.4747,68.8073,31.1927,0.0114
399,Prunus virginiana,66.6143,65.3543,34.6457,0.0126
400,Prunus virginiana,52.9886,66.6667,33.3333,0.0106
401,Acer rubrum,54.5026,60,40,0.0082
402,Acer rubrum,54.5026,60.4396,39.5604,0.0083
403,Acer rubrum,47.5511,60.5263,39.4737,0.0073
404,Acer rubrum,48.2781,61.039,38.961,0.0076
405,Acer rubrum,50.226,59.4595,40.5405,0.0074
406,Acer rubrum,36.3351,68.8312,31.1688,0.008
407,Acer rubrum,40.8769,69.6629,30.3371,0.0094
408,Acer rubrum,42.3909,68.5393,31.4607,0.0092
409,Acer rubrum,39.363,65.3333,34.6667,0.0074
410,Acer rubrum,43.9049,65.4762,34.5238,0.0083
411,Acer rubrum,56.0166,61.0526,38.9474,0.0088
412,Acer rubrum,49.9607,64.1304,35.8696,0.0089
413,Acer rubrum,45.4188,63.4146,36.5854,0.0079
414,Acer rubrum,49.9607,61.1765,38.8235,0.0079
415,Acer rubrum,36.3351,63.0769,36.9231,0.0062
416,Acer rubrum,46.9328,63.9535,36.0465,0.0083
417,Acer rubrum,49.9607,62.5,37.5,0.0083
418,Acer rubrum,49.9607,61.6279,38.3721,0.008
419,Acer rubrum,52.9886,61.1111,38.8889,0.0083
420,Acer rubrum,52.9886,59.7701,40.2299,0.0079
421,Quercus macrocarpa,84.7818,60.2837,39.7163,0.0129
422,Quercus macrocarpa,101.4354,58.642,41.358,0.0144
423,Quercus macrocarpa,86.2958,60.6897,39.3103,0.0133
424,Quercus macrocarpa,78.726,60.9023,39.0977,0.0123
425,Quercus macrocarpa,89.3237,61.4379,38.5621,0.0142
426,Quercus macrocarpa,51.4747,63.4409,36.5591,0.0089
427,Quercus macrocarpa,46.9328,66.6667,33.3333,0.0094
428,Quercus macrocarpa,63.5864,61.4679,38.5321,0.0101
429,Quercus macrocarpa,63.5864,60.7477,39.2523,0.0098
430,Quercus macrocarpa,59.0445,61.3861,38.6139,0.0094
431,Quercus macrocarpa,36.3351,66.6667,33.3333,0.0073
432,Quercus macrocarpa,36.3351,64.1791,35.8209,0.0065
433,Quercus macrocarpa,83.2679,58.0153,41.9847,0.0115
434,Quercus macrocarpa,33.3071,65.625,34.375,0.0064
435,Quercus macrocarpa,48.4468,60.4938,39.5062,0.0074
436,Quercus macrocarpa,68.1282,56.7308,43.2692,0.0089
437,Quercus macrocarpa,60.5584,60,40,0.0091
438,Quercus macrocarpa,74.1841,59.8361,40.1639,0.0111
439,Quercus macrocarpa,74.1841,58.4746,41.5254,0.0104
440,Quercus macrocarpa,80.2399,57.9365,42.0635,0.0111
441,Ulmus americana,68.1282,62.1849,37.8151,0.0112
442,Ulmus americana,75.698,62.963,37.037,0.0129
443,Ulmus americana,65.1003,62.931,37.069,0.0111
444,Ulmus americana,80.2399,62.9371,37.0629,0.0136
445,Ulmus americana,59.0445,65.4867,34.5133,0.0112
446,Ulmus americana,75.698,65.7534,34.2466,0.0145
447,Ulmus americana,72.6701,65.9574,34.0426,0.0141
448,Ulmus americana,66.6143,66.1538,33.8462,0.013
449,Ulmus americana,77.212,59.2,40.8,0.0112
450,Ulmus americana,69.6422,63.7795,36.2205,0.0123
451,Ulmus americana,59.0445,66.087,33.913,0.0115
452,Ulmus americana,57.5305,67.2414,32.7586,0.0118
453,Ulmus americana,75.698,64.539,35.461,0.0138
454,Ulmus americana,62.0724,68.4615,31.5385,0.0135
455,Ulmus americana,83.2679,61.2676,38.7324,0.0132
456,Ulmus americana,68.1282,68.3099,31.6901,0.0147
457,Ulmus americana,68.1282,64.5669,35.4331,0.0124
458,Ulmus americana,60.5584,71.4286,28.5714,0.0151
459,Ulmus americana,45.4188,71.1538,28.8462,0.0112
460,Ulmus americana,74.1841,64.7482,35.2518,0.0136
461,Syringa reticulata,46.9328,66.6667,33.3333,0.0094
462,Syringa reticulata,45.4188,67.3913,32.6087,0.0094
463,Syringa reticulata,42.3909,63.6364,36.3636,0.0074
464,Syringa reticulata,46.9328,70.7547,29.2453,0.0114
465,Syringa reticulata,56.0166,56.9767,43.0233,0.0074
466,Syringa reticulata,40.8769,73.2673,26.7327,0.0112
467,Syringa reticulata,40.8769,69.6629,30.3371,0.0094
468,Syringa reticulata,30.2792,76.7442,23.2558,0.01
469,Syringa reticulata,51.4747,58.5366,41.4634,0.0073
470,Syringa reticulata,40.8769,67.0732,32.9268,0.0083
471,Syringa reticulata,42.3909,82.2785,17.7215,0.0197
472,Syringa reticulata,37.849,83.5526,16.4474,0.0192
473,Syringa reticulata,39.363,82.7815,17.2185,0.0189
474,Syringa reticulata,36.3351,81.3953,18.6047,0.0159
475,Syringa reticulata,40.8769,83.2298,16.7702,0.0203
476,Prunus virginiana,87.8097,53.9683,46.0317,0.0103
477,Prunus virginiana,89.3237,53.5433,46.4567,0.0103
478,Prunus virginiana,86.2958,54.4,45.6,0.0103
479,Prunus virginiana,83.2679,58.6466,41.3534,0.0118
480,Prunus virginiana,77.212,56.7797,43.2203,0.0101
481,Prunus virginiana,75.698,60.3175,39.6825,0.0115
482,Prunus virginiana,52.9886,65,35,0.0098
483,Prunus virginiana,60.5584,62.6168,37.3832,0.0101
484,Prunus virginiana,71.1562,62.6984,37.3016,0.012
485,Prunus virginiana,87.8097,58.5714,41.4286,0.0124
486,Prunus virginiana,59.0445,63.2075,36.7925,0.0101
487,Prunus virginiana,66.6143,62.069,37.931,0.0109
488,Prunus virginiana,84.7818,61.1111,38.8889,0.0133
489,Prunus virginiana,66.6143,62.7119,37.2881,0.0112
490,Prunus virginiana,69.6422,61.0169,38.9831,0.0109
491,Prunus virginiana,45.4188,69.697,30.303,0.0104
492,Prunus virginiana,48.4468,67.0103,32.9897,0.0098
493,Prunus virginiana,49.9607,66.6667,33.3333,0.01
494,Prunus virginiana,37.849,74.7475,25.2525,0.0112
495,Prunus virginiana,48.4468,64.8352,35.1648,0.0089
496,Acer rubrum,65.1003,53.2609,46.7391,0.0074
497,Acer rubrum,62.0724,57.2917,42.7083,0.0083
498,Acer rubrum,60.5584,55.0562,44.9438,0.0074
499,Acer rubrum,57.5305,55.814,44.186,0.0073
500,Acer rubrum,57.5305,58.2418,41.7582,0.008
501,Acer rubrum,39.363,66.6667,33.3333,0.0079
502,Acer rubrum,37.849,67.5325,32.4675,0.0079
503,Acer rubrum,43.9049,65.0602,34.9398,0.0082
504,Acer rubrum,40.8769,65.8228,34.1772,0.0079
505,Acer rubrum,40.8769,67.0732,32.9268,0.0083
506,Acer rubrum,60.5584,59.596,40.404,0.0089
507,Acer rubrum,52.9886,63.9175,36.0825,0.0094
508,Acer rubrum,49.9607,62.5,37.5,0.0083
509,Acer rubrum,60.5584,61.5385,38.4615,0.0097
510,Acer rubrum,49.9607,63.7363,36.2637,0.0088
511,Acer rubrum,49.9607,66.3265,33.6735,0.0098
512,Acer rubrum,49.9607,66.3265,33.6735,0.0098
513,Acer rubrum,48.4468,67.3469,32.6531,0.01
514,Acer rubrum,56.0166,61.8557,38.1443,0.0091
515,Acer rubrum,48.4468,66.6667,33.3333,0.0097
516,Quercus macrocarpa,101.4354,55.6291,44.3709,0.0127
517,Quercus macrocarpa,101.4354,55.6291,44.3709,0.0127
518,Quercus macrocarpa,99.9214,57.9618,42.0382,0.0138
519,Quercus macrocarpa,104.4633,55.1948,44.8052,0.0129
520,Quercus macrocarpa,81.7539,59.3985,40.6015,0.012
521,Quercus macrocarpa,69.6422,62.6016,37.3984,0.0117
522,Quercus macrocarpa,59.0445,62.8571,37.1429,0.01
523,Quercus macrocarpa,60.5584,62.963,37.037,0.0103
524,Quercus macrocarpa,72.6701,61.9048,38.0952,0.0118
525,Quercus macrocarpa,59.0445,63.5514,36.4486,0.0103
526,Quercus macrocarpa,36.3351,65.2174,34.7826,0.0068
527,Quercus macrocarpa,34.8211,65.6716,34.3284,0.0067
528,Quercus macrocarpa,59.0445,62.8571,37.1429,0.01
529,Quercus macrocarpa,71.1562,60.1695,39.8305,0.0107
530,Quercus macrocarpa,66.6143,61.0619,38.9381,0.0104
531,Quercus macrocarpa,51.4747,64.5833,35.4167,0.0094
532,Quercus macrocarpa,60.5584,62.6168,37.3832,0.0101
533,Quercus macrocarpa,57.5305,62.3762,37.6238,0.0095
534,Quercus macrocarpa,52.9886,65.6863,34.3137,0.0101
535,Quercus macrocarpa,57.5305,64.486,35.514,0.0104
536,Ulmus americana,62.0724,59.8039,40.1961,0.0092
537,Ulmus americana,75.698,61.5385,38.4615,0.0121
538,Ulmus americana,72.6701,62.7907,37.2093,0.0123
539,Ulmus americana,57.5305,61.2245,38.7755,0.0091
540,Ulmus americana,72.6701,60.6557,39.3443,0.0112
541,Ulmus americana,78.726,58.7302,41.2698,0.0112
542,Ulmus americana,86.2958,57.4627,42.5373,0.0117
543,Ulmus americana,68.1282,59.8214,40.1786,0.0101
544,Ulmus americana,78.726,58.7302,41.2698,0.0112
545,Ulmus americana,69.6422,58.5586,41.4414,0.0098
546,Ulmus americana,84.7818,56.25,43.75,0.0109
547,Ulmus americana,84.7818,57.2519,42.7481,0.0114
548,Ulmus americana,84.7818,53.3333,46.6667,0.0097
549,Ulmus americana,96.8935,55.8621,44.1379,0.0123
550,Ulmus americana,96.8935,45.2991,54.7009,0.008
551,Ulmus americana,99.9214,56.2914,43.7086,0.0129
552,Ulmus americana,83.2679,60.1449,39.8551,0.0126
553,Ulmus americana,66.6143,58.4906,41.5094,0.0094
554,Ulmus americana,72.6701,59.322,40.678,0.0106
555,Ulmus americana,93.8656,51.5625,48.4375,0.01
556,Syringa reticulata,68.1282,60.5263,39.4737,0.0104
557,Syringa reticulata,65.1003,59.434,40.566,0.0095
558,Syringa reticulata,62.0724,62.037,37.963,0.0101
559,Syringa reticulata,65.1003,59.0476,40.9524,0.0094
560,Syringa reticulata,51.4747,63.4409,36.5591,0.0089
561,Syringa reticulata,57.5305,62.3762,37.6238,0.0095
562,Syringa reticulata,54.5026,62.1053,37.8947,0.0089
563,Syringa reticulata,59.0445,60.2041,39.7959,0.0089
564,Syringa reticulata,54.5026,62.8866,37.1134,0.0092
565,Syringa reticulata,43.9049,65.4762,34.5238,0.0083
566,Syringa reticulata,45.4188,62.963,37.037,0.0077
567,Syringa reticulata,54.5026,62.1053,37.8947,0.0089
568,Syringa reticulata,45.4188,65.1163,34.8837,0.0085
569,Syringa reticulata,40.8769,68.2353,31.7647,0.0088
570,Syringa reticulata,52.9886,63.5417,36.4583,0.0092
571,Prunus virginiana,75.698,54.5455,45.4545,0.0091
572,Prunus virginiana,99.9214,53.5211,46.4789,0.0115
573,Prunus virginiana,86.2958,53.6585,46.3415,0.01
574,Prunus virginiana,78.726,58.0645,41.9355,0.0109
575,Prunus virginiana,84.7818,54.4715,45.5285,0.0101
576,Prunus virginiana,107.4912,56.9697,43.0303,0.0142
577,Prunus virginiana,71.1562,61.7886,38.2114,0.0115
578,Prunus virginiana,69.6422,59.6491,40.3509,0.0103
579,Prunus virginiana,95.3795,58.5526,41.4474,0.0135
580,Prunus virginiana,75.698,63.5036,36.4964,0.0132
581,Prunus virginiana,83.2679,58.3333,41.6667,0.0117
582,Prunus virginiana,78.726,60,40,0.0118
583,Prunus virginiana,72.6701,59.322,40.678,0.0106
584,Prunus virginiana,69.6422,61.0169,38.9831,0.0109
585,Prunus virginiana,72.6701,62.7907,37.2093,0.0123
586,Prunus virginiana,107.4912,57.2289,42.7711,0.0144
587,Prunus virginiana,86.2958,60.4167,39.5833,0.0132
588,Prunus virginiana,96.8935,57.6159,42.3841,0.0132
589,Prunus virginiana,45.4188,71.4286,28.5714,0.0114
590,Prunus virginiana,65.1003,62.6087,37.3913,0.0109
591,Acer rubrum,71.1562,55.6604,44.3396,0.0089
592,Acer rubrum,62.0724,56.8421,43.1579,0.0082
593,Acer rubrum,62.0724,58.1633,41.8367,0.0086
594,Acer rubrum,62.0724,56.8421,43.1579,0.0082
595,Acer rubrum,60.5584,60.7843,39.2157,0.0094
596,Acer rubrum,51.4747,65.3061,34.6939,0.0097
597,Acer rubrum,45.4188,67.3913,32.6087,0.0094
598,Acer rubrum,46.9328,67.3684,32.6316,0.0097
599,Acer rubrum,49.9607,65.625,34.375,0.0095
600,Acer rubrum,49.9607,64.5161,35.4839,0.0091
601,Acer rubrum,51.8027,64.7887,35.2113,0.0095
602,Acer rubrum,50.0584,65.1163,34.8837,0.0093
603,Acer rubrum,67.8081,58.3333,41.6667,0.0095
604,Acer rubrum,59.4133,62.3529,37.6471,0.0098
605,Acer rubrum,51.6693,62.3188,37.6812,0.0085
606,Acer rubrum,44.6154,68.4783,31.5217,0.0097
607,Acer rubrum,42.6244,69.2308,30.7692,0.0096
608,Acer rubrum,49.821,66.6667,33.3333,0.01
609,Acer rubrum,47.2441,67.033,32.967,0.0096
610,Acer rubrum,48.1366,66.3043,33.6957,0.0095
611,Quercus macrocarpa,93.8656,58.9404,41.0596,0.0135
612,Quercus macrocarpa,78.726,61.194,38.806,0.0124
613,Quercus macrocarpa,90.8377,61.7834,38.2166,0.0147
614,Quercus macrocarpa,96.8935,58.1699,41.8301,0.0135
615,Quercus macrocarpa,84.7818,61.9048,38.0952,0.0138
616,Quercus macrocarpa,71.1562,61.4754,38.5246,0.0114
617,Quercus macrocarpa,62.0724,61.6822,38.3178,0.01
618,Quercus macrocarpa,40.8769,65.8228,34.1772,0.0079
619,Quercus macrocarpa,66.6143,60,40,0.01
620,Quercus macrocarpa,71.1562,61.4754,38.5246,0.0114
621,Quercus macrocarpa,31.7932,67.1875,32.8125,0.0065
622,Quercus macrocarpa,37.849,67.5325,32.4675,0.0079
623,Quercus macrocarpa,63.5864,59.6154,40.3846,0.0094
624,Quercus macrocarpa,49.9607,62.069,37.931,0.0082
625,Quercus macrocarpa,49.9607,63.3333,36.6667,0.0086
626,Quercus macrocarpa,48.4468,65.5914,34.4086,0.0092
627,Quercus macrocarpa,51.4747,67.3077,32.6923,0.0106
628,Quercus macrocarpa,48.4468,67.3469,32.6531,0.01
629,Quercus macrocarpa,57.5305,65.7658,34.2342,0.0111
630,Quercus macrocarpa,42.3909,67.8161,32.1839,0.0089
631,Ulmus americana,72.6701,58.9744,41.0256,0.0104
632,Ulmus americana,80.2399,56.9106,43.0894,0.0106
633,Ulmus americana,72.6701,62.2047,37.7953,0.012
634,Ulmus americana,78.726,59.6899,40.3101,0.0117
635,Ulmus americana,72.6701,58.2609,41.7391,0.0101
636,Ulmus americana,92.3516,58.2192,41.7808,0.0129
637,Ulmus americana,72.6701,58.9744,41.0256,0.0104
638,Ulmus americana,80.2399,57.2581,42.7419,0.0107
639,Ulmus americana,80.2399,59.542,40.458,0.0118
640,Ulmus americana,68.1282,61.8644,38.1356,0.0111
641,Ulmus americana,90.8377,56.8345,43.1655,0.012
642,Ulmus americana,98.4075,58.0645,41.9355,0.0136
643,Ulmus americana,105.9773,54.5455,45.4545,0.0127
644,Ulmus americana,87.8097,57.037,42.963,0.0117
645,Ulmus americana,95.3795,54.6763,45.3237,0.0115
646,Ulmus americana,69.6422,62.9032,37.0968,0.0118
647,Ulmus americana,83.2679,64.9682,35.0318,0.0154
648,Ulmus americana,87.8097,59.1549,40.8451,0.0127
649,Ulmus americana,89.3237,60.4027,39.5973,0.0136
650,Ulmus americana,78.726,61.4815,38.5185,0.0126
651,Syringa reticulata,69.6422,58.9286,41.0714,0.01
652,Syringa reticulata,66.6143,60.3604,39.6396,0.0101
653,Syringa reticulata,62.0724,60.5769,39.4231,0.0095
654,Syringa reticulata,57.5305,60.8247,39.1753,0.0089
655,Syringa reticulata,60.5584,63.3028,36.6972,0.0104
656,Syringa reticulata,49.9607,65.2632,34.7368,0.0094
657,Syringa reticulata,52.9886,65,35,0.0098
658,Syringa reticulata,54.5026,63.2653,36.7347,0.0094
659,Syringa reticulata,46.9328,66.3043,33.6957,0.0092
660,Syringa reticulata,31.7932,72.7273,27.2727,0.0085
661,Syringa reticulata,81.7539,58.4615,41.5385,0.0115
662,Syringa reticulata,69.6422,59.6491,40.3509,0.0103
663,Syringa reticulata,60.5584,62.2642,37.7358,0.01
664,Syringa reticulata,45.4188,68.75,31.25,0.01
665,Syringa reticulata,74.1841,59.1667,40.8333,0.0107
666,Prunus virginiana,68.1282,63.1148,36.8852,0.0117
667,Prunus virginiana,75.698,52.8302,47.1698,0.0085
668,Prunus virginiana,90.8377,57.4468,42.5532,0.0123
669,Prunus virginiana,93.8656,53.3835,46.6165,0.0107
670,Prunus virginiana,119.6029,52.9762,47.0238,0.0135
671,Prunus virginiana,68.1282,60.8696,39.1304,0.0106
672,Prunus virginiana,86.2958,56.8182,43.1818,0.0114
673,Prunus virginiana,109.0052,53.5484,46.4516,0.0126
674,Prunus virginiana,56.0166,65.4206,34.5794,0.0106
675,Prunus virginiana,52.9886,66.3462,33.6538,0.0104
676,Prunus virginiana,84.7818,58.8235,41.1765,0.0121
677,Prunus virginiana,77.212,60.7692,39.2308,0.012
678,Prunus virginiana,86.2958,58.0882,41.9118,0.012
679,Prunus virginiana,62.0724,64.3478,35.6522,0.0112
680,Prunus virginiana,33.3071,73.1707,26.8293,0.0091
681,Prunus virginiana,121.1169,59.1837,40.8163,0.0176
682,Prunus virginiana,105.9773,57.0552,42.9448,0.0141
683,Prunus virginiana,49.9607,67,33,0.0101
684,Prunus virginiana,95.3795,57.4324,42.5676,0.0129
685,Prunus virginiana,56.0166,62.6263,37.3737,0.0094
686,Acer rubrum,69.2955,53.8462,46.1538,0.0081
687,Acer rubrum,56.5154,58.8235,41.1765,0.0081
688,Acer rubrum,69.568,57,43,0.0092
689,Acer rubrum,63.3333,57.3034,42.6966,0.0085
690,Acer rubrum,67.7574,58.1633,41.8367,0.0094
691,Acer rubrum,68.1282,58.7156,41.2844,0.0097
692,Acer rubrum,65.3595,58.6538,41.3462,0.0093
693,Acer rubrum,37.679,66.2162,33.7838,0.0074
694,Acer rubrum,48.4468,64.0449,35.9551,0.0086
695,Acer rubrum,34.8211,68.0556,31.9444,0.0074
696,Acer rubrum,73.9372,61.7391,38.2609,0.0119
697,Acer rubrum,71.5766,60.8247,39.1753,0.0111
698,Acer rubrum,60.698,62.7907,37.2093,0.0102
699,Acer rubrum,59.0752,64.6341,35.3659,0.0108
700,Acer rubrum,60.9176,60.4938,39.5062,0.0093
701,Acer rubrum,45.4188,65.9091,34.0909,0.0088
702,Acer rubrum,54.5026,65.0485,34.9515,0.0101
703,Acer rubrum,49.2081,64.0449,35.9551,0.0088
704,Acer rubrum,44.606,65.8228,34.1772,0.0086
705,Acer rubrum,52.9886,63.1579,36.8421,0.0091
706,Quercus macrocarpa,92.3516,59.3333,40.6667,0.0135
707,Quercus macrocarpa,87.8097,58.5714,41.4286,0.0124
708,Quercus macrocarpa,107.4912,58.4795,41.5205,0.0151
709,Quercus macrocarpa,81.7539,56.0976,43.9024,0.0104
710,Quercus macrocarpa,87.8097,61.3333,38.6667,0.0139
711,Quercus macrocarpa,60.5584,58.7629,41.2371,0.0086
712,Quercus macrocarpa,52.9886,62.766,37.234,0.0089
713,Quercus macrocarpa,57.5305,59.5745,40.4255,0.0085
714,Quercus macrocarpa,42.3909,68.1818,31.8182,0.0091
715,Quercus macrocarpa,39.363,54.386,45.614,0.0047
716,Quercus macrocarpa,62.0724,63.7168,36.2832,0.0109
717,Quercus macrocarpa,40.8769,68.2353,31.7647,0.0088
718,Quercus macrocarpa,39.363,66.2338,33.7662,0.0077
719,Quercus macrocarpa,57.5305,65.1376,34.8624,0.0107
720,Quercus macrocarpa,42.3909,68.8889,31.1111,0.0094
721,Quercus macrocarpa,51.4747,63.8298,36.1702,0.0091
722,Quercus macrocarpa,66.6143,62.069,37.931,0.0109
723,Quercus macrocarpa,39.363,59.375,40.625,0.0058
724,Quercus macrocarpa,40.8769,66.25,33.75,0.008
725,Quercus macrocarpa,60.5584,63.6364,36.3636,0.0106
726,Ulmus americana,78.726,57.0248,42.9752,0.0104
727,Ulmus americana,80.2399,58.9147,41.0853,0.0115
728,Ulmus americana,84.7818,55.2,44.8,0.0104
729,Ulmus americana,89.3237,54.6154,45.3846,0.0107
730,Ulmus americana,75.698,54.955,45.045,0.0092
731,Ulmus americana,78.726,56.6667,43.3333,0.0103
732,Ulmus americana,65.1003,61.2613,38.7387,0.0103
733,Ulmus americana,66.6143,58.8785,41.1215,0.0095
734,Ulmus americana,51.4747,54.0541,45.9459,0.0061
735,Ulmus americana,93.8656,53.3835,46.6165,0.0107
736,Ulmus americana,104.4633,52.0833,47.9167,0.0114
737,Ulmus americana,93.8656,54.0741,45.9259,0.0111
738,Ulmus americana,93.8656,50.7937,49.2063,0.0097
739,Ulmus americana,99.9214,53.1915,46.8085,0.0114
740,Ulmus americana,90.8377,56.2044,43.7956,0.0117
741,Ulmus americana,77.212,63.5714,36.4286,0.0135
742,Ulmus americana,107.4912,60.989,39.011,0.0168
743,Ulmus americana,69.6422,61.0169,38.9831,0.0109
744,Ulmus americana,81.7539,59.0909,40.9091,0.0118
745,Ulmus americana,113.5471,58.3333,41.6667,0.0159
746,Syringa reticulata,78.726,62.0438,37.9562,0.0129
747,Syringa reticulata,56.0166,63,37,0.0095
748,Syringa reticulata,75.698,61.2403,38.7597,0.012
749,Syringa reticulata,34.8211,67.6056,32.3944,0.0073
750,Syringa reticulata,45.4188,64.7059,35.2941,0.0083
751,Syringa reticulata,36.3351,70,30,0.0085
752,Syringa reticulata,57.5305,64.8148,35.1852,0.0106
753,Syringa reticulata,59.0445,60.6061,39.3939,0.0091
754,Syringa reticulata,33.3071,71.4286,28.5714,0.0083
755,Syringa reticulata,54.5026,65.0485,34.9515,0.0101
756,Syringa reticulata,72.6701,62.7907,37.2093,0.0123
757,Syringa reticulata,45.4188,67.3913,32.6087,0.0094
758,Syringa reticulata,68.1282,60.177,39.823,0.0103
759,Syringa reticulata,54.5026,65.7143,34.2857,0.0104
760,Syringa reticulata,56.0166,65.0943,34.9057,0.0104
761,Prunus virginiana,68.1282,62.5,37.5,0.0114
762,Prunus virginiana,77.212,63.3094,36.6906,0.0133
763,Prunus virginiana,62.0724,61.6822,38.3178,0.01
764,Prunus virginiana,68.1282,62.8099,37.1901,0.0115
765,Prunus virginiana,77.212,63.3094,36.6906,0.0133
766,Prunus virginiana,63.5864,62.5,37.5,0.0106
767,Prunus virginiana,68.1282,62.5,37.5,0.0114
768,Prunus virginiana,86.2958,64.5963,35.4037,0.0157
769,Prunus virginiana,72.6701,63.3588,36.6412,0.0126
770,Prunus virginiana,71.1562,63.2813,36.7188,0.0123
771,Prunus virginiana,65.1003,62.2807,37.7193,0.0107
772,Prunus virginiana,65.1003,61.9469,38.0531,0.0106
773,Prunus virginiana,72.6701,62.7907,37.2093,0.0123
774,Prunus virginiana,72.6701,63.3588,36.6412,0.0126
775,Prunus virginiana,72.6701,63.3588,36.6412,0.0126
776,Prunus virginiana,56.0166,61.0526,38.9474,0.0088
777,Prunus virginiana,62.0724,61.3208,38.6792,0.0098
778,Prunus virginiana,65.1003,62.6087,37.3913,0.0109
779,Prunus virginiana,81.7539,64,36,0.0145
780,Prunus virginiana,83.2679,64.2857,35.7143,0.015
781,Acer rubrum,65.1003,59.0476,40.9524,0.0094
782,Acer rubrum,65.1003,57.4257,42.5743,0.0088
783,Acer rubrum,59.0445,59.375,40.625,0.0086
784,Acer rubrum,52.9886,59.7701,40.2299,0.0079
785,Acer rubrum,54.5026,58.6207,41.3793,0.0077
786,Acer rubrum,42.3909,68.1818,31.8182,0.0091
787,Acer rubrum,48.4468,65.2174,34.7826,0.0091
788,Acer rubrum,59.0445,60.6061,39.3939,0.0091
789,Acer rubrum,45.4188,66.6667,33.3333,0.0091
790,Acer rubrum,74.1841,59.5041,40.4959,0.0109
791,Acer rubrum,52.9886,64.6465,35.3535,0.0097
792,Acer rubrum,42.3909,68.1818,31.8182,0.0091
793,Acer rubrum,42.3909,68.8889,31.1111,0.0094
794,Acer rubrum,43.9049,68.8172,31.1828,0.0097
795,Acer rubrum,39.363,69.7674,30.2326,0.0091
796,Acer rubrum,57.5305,65.1376,34.8624,0.0107
797,Acer rubrum,66.6143,63.0252,36.9748,0.0114
798,Acer rubrum,57.5305,63.4615,36.5385,0.01
799,Acer rubrum,57.5305,62.3762,37.6238,0.0095
800,Acer rubrum,57.5305,62.7451,37.2549,0.0097
801,Quercus macrocarpa,65.1003,59.0476,40.9524,0.0094
802,Quercus macrocarpa,72.6701,57.1429,42.8571,0.0097
803,Quercus macrocarpa,57.5305,61.6162,38.3838,0.0092
804,Quercus macrocarpa,66.6143,58.4906,41.5094,0.0094
805,Quercus macrocarpa,90.8377,58.3333,41.6667,0.0127
806,Quercus macrocarpa,63.5864,59.2233,40.7767,0.0092
807,Quercus macrocarpa,42.3909,67.8161,32.1839,0.0089
808,Quercus macrocarpa,65.1003,61.9469,38.0531,0.0106
809,Quercus macrocarpa,59.0445,61.3861,38.6139,0.0094
810,Quercus macrocarpa,60.5584,60.7843,39.2157,0.0094
811,Quercus macrocarpa,62.0724,59,41,0.0089
812,Quercus macrocarpa,56.0166,60.6383,39.3617,0.0086
813,Quercus macrocarpa,52.9886,61.1111,38.8889,0.0083
814,Quercus macrocarpa,34.8211,66.1765,33.8235,0.0068
815,Quercus macrocarpa,36.3351,64.7059,35.2941,0.0067
816,Quercus macrocarpa,37.849,54.5455,45.4545,0.0045
817,Quercus macrocarpa,69.6422,62.2951,37.7049,0.0115
818,Quercus macrocarpa,59.0445,62.8571,37.1429,0.01
819,Quercus macrocarpa,69.6422,60.3448,39.6552,0.0106
820,Quercus macrocarpa,65.1003,59.434,40.566,0.0095
821,Ulmus americana,72.6701,55.9633,44.0367,0.0092
822,Ulmus americana,87.8097,53.2258,46.7742,0.01
823,Ulmus americana,81.7539,56.4516,43.5484,0.0106
824,Ulmus americana,59.0445,60.6061,39.3939,0.0091
825,Ulmus americana,90.8377,52,48,0.0098
826,Ulmus americana,59.0445,62.8571,37.1429,0.01
827,Ulmus americana,52.9886,62.766,37.234,0.0089
828,Ulmus americana,60.5584,63.3028,36.6972,0.0104
829,Ulmus americana,68.1282,57.9439,42.0561,0.0094
830,Ulmus americana,83.2679,57.0313,42.9688,0.0111
831,Ulmus americana,99.9214,51.8248,48.1752,0.0107
832,Ulmus americana,109.0052,53.2468,46.7532,0.0124
833,Ulmus americana,112.0331,50,50,0.0112
834,Ulmus americana,96.8935,52.9412,47.0588,0.0109
835,Ulmus americana,115.061,51.2821,48.7179,0.0121
836,Ulmus americana,101.4354,57.3248,42.6752,0.0136
837,Ulmus americana,93.8656,59.4771,40.5229,0.0138
838,Ulmus americana,54.5026,64,36,0.0097
839,Ulmus americana,90.8377,56.8345,43.1655,0.012
840,Ulmus americana,71.1562,62.0968,37.9032,0.0117
841,Syringa reticulata,65.1003,57.4257,42.5743,0.0088
842,Syringa reticulata,59.0445,61.7647,38.2353,0.0095
843,Syringa reticulata,59.0445,60.6061,39.3939,0.0091
844,Syringa reticulata,74.1841,59.8361,40.1639,0.0111
845,Syringa reticulata,63.5864,61.4679,38.5321,0.0101
846,Syringa reticulata,49.9607,63.3333,36.6667,0.0086
847,Syringa reticulata,72.6701,58.6207,41.3793,0.0103
848,Syringa reticulata,54.5026,59.0909,40.9091,0.0079
849,Syringa reticulata,57.5305,59.1398,40.8602,0.0083
850,Syringa reticulata,57.5305,61.2245,38.7755,0.0091
851,Syringa reticulata,56.0166,59.3407,40.6593,0.0082
852,Syringa reticulata,71.1562,61.157,38.843,0.0112
853,Syringa reticulata,52.9886,64.2857,35.7143,0.0095
854,Syringa reticulata,57.5305,62.3762,37.6238,0.0095
855,Syringa reticulata,48.4468,61.9048,38.0952,0.0079
856,Prunus virginiana,92.3516,55.7971,44.2029,0.0117
857,Prunus virginiana,68.1282,59.4595,40.5405,0.01
858,Prunus virginiana,78.726,56.6667,43.3333,0.0103
859,Prunus virginiana,78.726,62.3188,37.6812,0.013
860,Prunus virginiana,66.6143,65.625,34.375,0.0127
861,Prunus virginiana,89.3237,57.554,42.446,0.0121
862,Prunus virginiana,90.8377,55.5556,44.4444,0.0114
863,Prunus virginiana,63.5864,67.4419,32.5581,0.0132
864,Prunus virginiana,54.5026,69.2308,30.7692,0.0123
865,Prunus virginiana,62.0724,66.6667,33.3333,0.0124
866,Prunus virginiana,56.0166,66.055,33.945,0.0109
867,Prunus virginiana,57.5305,65.1376,34.8624,0.0107
868,Prunus virginiana,86.2958,58.9928,41.0072,0.0124
869,Prunus virginiana,93.8656,54.7445,45.2555,0.0114
870,Prunus virginiana,48.4468,67.3469,32.6531,0.01
871,Prunus virginiana,48.4468,64.8352,35.1648,0.0089
872,Prunus virginiana,65.1003,57.8431,42.1569,0.0089
873,Prunus virginiana,46.9328,67.3684,32.6316,0.0097
874,Prunus virginiana,52.9886,62.766,37.234,0.0089
875,Prunus virginiana,54.5026,62.8866,37.1134,0.0092
876,Acer rubrum,45.4188,60.5263,39.4737,0.007
877,Acer rubrum,56.0166,59.7826,40.2174,0.0083
878,Acer rubrum,60.5584,57.4468,42.5532,0.0082
879,Acer rubrum,65.1003,58.2524,41.7476,0.0091
880,Acer rubrum,54.5026,58.6207,41.3793,0.0077
881,Acer rubrum,36.3351,70.3704,29.6296,0.0086
882,Acer rubrum,39.363,68.6747,31.3253,0.0086
883,Acer rubrum,51.4747,61.3636,38.6364,0.0082
884,Acer rubrum,49.9607,59.2593,40.7407,0.0073
885,Acer rubrum,45.4188,62.963,37.037,0.0077
886,Acer rubrum,40.8769,64.4737,35.5263,0.0074
887,Acer rubrum,49.9607,62.069,37.931,0.0082
888,Acer rubrum,40.8769,64.4737,35.5263,0.0074
889,Acer rubrum,45.4188,58.3333,41.6667,0.0064
890,Acer rubrum,51.4747,62.2222,37.7778,0.0085
891,Acer rubrum,42.3909,65.4321,34.5679,0.008
892,Acer rubrum,46.9328,64.3678,35.6322,0.0085
893,Acer rubrum,40.8769,66.6667,33.3333,0.0082
894,Acer rubrum,46.9328,65.1685,34.8315,0.0088
895,Acer rubrum,43.9049,65.0602,34.9398,0.0082
896,Quercus macrocarpa,89.3237,58.7413,41.2587,0.0127
897,Quercus macrocarpa,87.8097,55.7252,44.2748,0.0111
898,Quercus macrocarpa,96.8935,54.9296,45.0704,0.0118
899,Quercus macrocarpa,72.6701,58.2609,41.7391,0.0101
900,Quercus macrocarpa,49.9607,62.069,37.931,0.0082
901,Quercus macrocarpa,54.5026,64,36,0.0097
902,Quercus macrocarpa,72.6701,57.5221,42.4779,0.0098
903,Quercus macrocarpa,69.6422,57.0093,42.9907,0.0092
904,Quercus macrocarpa,48.4468,64.8352,35.1648,0.0089
905,Quercus macrocarpa,59.0445,58.9474,41.0526,0.0085
906,Quercus macrocarpa,48.4468,52.2388,47.7612,0.0053
907,Quercus macrocarpa,54.5026,57.6471,42.3529,0.0074
908,Quercus macrocarpa,71.1562,55.2381,44.7619,0.0088
909,Quercus macrocarpa,56.0166,45.5882,54.4118,0.0047
910,Quercus macrocarpa,84.7818,57.8947,42.1053,0.0117
911,Quercus macrocarpa,72.6701,59.322,40.678,0.0106
912,Quercus macrocarpa,66.6143,58.0952,41.9048,0.0092
913,Quercus macrocarpa,69.6422,40.2597,59.7403,0.0047
914,Quercus macrocarpa,43.9049,61.3333,38.6667,0.007
915,Quercus macrocarpa,42.3909,44,56,0.0033
916,Ulmus americana,68.1282,57.5472,42.4528,0.0092
917,Ulmus americana,77.212,56.4103,43.5897,0.01
918,Ulmus americana,80.2399,54.7009,45.2991,0.0097
919,Ulmus americana,68.1282,59.8214,40.1786,0.0101
920,Ulmus americana,63.5864,63.7931,36.2069,0.0112
921,Ulmus americana,81.7539,55.7377,44.2623,0.0103
922,Ulmus americana,66.6143,63.6364,36.3636,0.0117
923,Ulmus americana,81.7539,57.1429,42.8571,0.0109
924,Ulmus americana,92.3516,54.1353,45.8647,0.0109
925,Ulmus americana,83.2679,55.6452,44.3548,0.0104
926,Ulmus americana,66.6143,61.7391,38.2609,0.0107
927,Ulmus americana,72.6701,61.6,38.4,0.0117
928,Ulmus americana,52.9886,66.0194,33.9806,0.0103
929,Ulmus americana,72.6701,63.6364,36.3636,0.0127
930,Ulmus americana,87.8097,55.0388,44.9612,0.0107
931,Ulmus americana,96.8935,57.6159,42.3841,0.0132
932,Ulmus americana,60.5584,63.964,36.036,0.0107
933,Ulmus americana,60.5584,66.6667,33.3333,0.0121
934,Ulmus americana,83.2679,60.4317,39.5683,0.0127
935,Ulmus americana,101.4354,59.1463,40.8537,0.0147
936,Syringa reticulata,63.5864,55.7895,44.2105,0.008
937,Syringa reticulata,69.6422,54.4554,45.5446,0.0083
938,Syringa reticulata,54.5026,59.0909,40.9091,0.0079
939,Syringa reticulata,72.6701,55.1402,44.8598,0.0089
940,Syringa reticulata,28.7653,74.3243,25.6757,0.0083
941,Syringa reticulata,31.7932,71.6216,28.3784,0.008
942,Syringa reticulata,37.849,69.8795,30.1205,0.0088
943,Syringa reticulata,60.5584,59.596,40.404,0.0089
944,Syringa reticulata,51.4747,61.3636,38.6364,0.0082
945,Syringa reticulata,54.5026,63.2653,36.7347,0.0094
946,Syringa reticulata,63.5864,61.8182,38.1818,0.0103
947,Syringa reticulata,65.1003,55.6701,44.3299,0.0082
948,Syringa reticulata,71.1562,52.5253,47.4747,0.0079
949,Syringa reticulata,72.6701,54.717,45.283,0.0088
950,Syringa reticulata,59.0445,58.0645,41.9355,0.0082
951,Prunus virginiana,93.86558146,58.10810811,41.89189189,0.0224
952,Prunus virginiana,89.32369849,59.86394558,40.13605442,0.0223
953,Prunus virginiana,72.67012758,62.20472441,37.79527559,0.0192
954,Prunus virginiana,75.69804956,56.89655172,43.10344828,0.0176
955,Prunus virginiana,80.23993254,57.6,42.4,0.0189
956,Prunus virginiana,71.15616659,62.6984127,37.3015873,0.0191
957,Prunus virginiana,71.15616659,62.6984127,37.3015873,0.0191
958,Prunus virginiana,66.61428362,65.07936508,34.92063492,0.0191
959,Prunus virginiana,87.80973749,57.66423358,42.33576642,0.0207
960,Prunus virginiana,75.69804956,63.23529412,36.76470588,0.0206
961,Prunus virginiana,66.61428362,40.54054054,59.45945946,0.0112
962,Prunus virginiana,77.21201056,59.84251969,40.15748031,0.0192
963,Prunus virginiana,71.15616659,59.48275862,40.51724138,0.0176
964,Prunus virginiana,71.15616659,61.47540984,38.52459016,0.0185
965,Prunus virginiana,71.15616659,60.50420168,39.49579832,0.018
966,Prunus virginiana,104.4633084,28.125,71.875,0.0145
967,Prunus virginiana,102.9493474,45.6,54.4,0.0189
968,Prunus virginiana,105.9772694,38.59649123,61.40350877,0.0173
969,Prunus virginiana,96.89350344,31.91489362,68.08510638,0.0142
970,Prunus virginiana,112.0331134,44.36090226,55.63909774,0.0201
971,Acer rubrum,70.65113615,59.7826087,40.2173913,0.0176
972,Acer rubrum,66.81112315,59.7826087,40.2173913,0.0166
973,Acer rubrum,59.36920223,62.79069767,37.20930233,0.016
974,Acer rubrum,68.13315164,61.11111111,38.88888889,0.0175
975,Acer rubrum,49.96071271,59.75609756,40.24390244,0.0124
976,Acer rubrum,57.53051767,60.82474227,39.17525773,0.0147
977,Acer rubrum,54.50259569,60.86956522,39.13043478,0.0139
978,Acer rubrum,48.44675172,65.2173913,34.7826087,0.0139
979,Acer rubrum,52.98863469,61.53846154,38.46153846,0.0138
980,Acer rubrum,54.50259569,62.10526316,37.89473684,0.0144
981,Quercus macrocarpa,43.90486875,53.22580645,46.77419355,0.0094
982,Quercus macrocarpa,71.15616659,59.48275862,40.51724138,0.0176
983,Quercus macrocarpa,72.67012758,53.84615385,46.15384615,0.0157
984,Quercus macrocarpa,65.10032263,60.90909091,39.09090909,0.0167
985,Quercus macrocarpa,69.6422056,38.66666667,61.33333333,0.0114
986,Quercus macrocarpa,46.93279073,65.93406593,34.06593407,0.0138
987,Quercus macrocarpa,37.84902478,56.14035088,43.85964912,0.0086
988,Quercus macrocarpa,48.44675172,65.59139785,34.40860215,0.0141
989,Quercus macrocarpa,33.30714181,55.10204082,44.89795918,0.0074
990,Quercus macrocarpa,45.41882974,61.53846154,38.46153846,0.0118
991,Quercus macrocarpa,33.30714181,63.93442623,36.06557377,0.0092
992,Quercus macrocarpa,31.79318082,66.12903226,33.87096774,0.0094
993,Quercus macrocarpa,45.41882974,57.14285714,42.85714286,0.0106
994,Quercus macrocarpa,46.93279073,64.36781609,35.63218391,0.0132
995,Quercus macrocarpa,49.96071271,56.57894737,43.42105263,0.0115
996,Quercus macrocarpa,43.90486875,52.45901639,47.54098361,0.0092
997,Quercus macrocarpa,45.41882974,56.52173913,43.47826087,0.0104
998,Quercus macrocarpa,42.39090776,64.1025641,35.8974359,0.0118
999,Quercus macrocarpa,36.33506379,52,48,0.0076
1000,Quercus macrocarpa,42.39090776,54.09836066,45.90163934,0.0092
1001,Ulmus americana,69.6422056,60.68376068,39.31623932,0.0177
1002,Ulmus americana,72.67012758,62.5,37.5,0.0194
1003,Ulmus americana,72.67012758,61.6,38.4,0.0189
1004,Ulmus americana,54.50259569,68.14159292,31.85840708,0.0171
1005,Ulmus americana,66.61428362,61.40350877,38.59649123,0.0173
1006,Ulmus americana,52.98863469,67.88990826,32.11009174,0.0165
1007,Ulmus americana,52.98863469,66.34615385,33.65384615,0.0157
1008,Ulmus americana,51.4746737,66,34,0.0151
1009,Ulmus americana,60.55843965,64.60176991,35.39823009,0.0171
1010,Ulmus americana,56.01655668,68.90756303,31.09243697,0.018
1011,Ulmus americana,39.36298577,74.50980392,25.49019608,0.0154
1012,Ulmus americana,34.8211028,76.04166667,23.95833333,0.0145
1013,Ulmus americana,37.84902478,72.82608696,27.17391304,0.0139
1014,Ulmus americana,39.36298577,74.50980392,25.49019608,0.0154
1015,Ulmus americana,40.87694676,74.03846154,25.96153846,0.0157
1016,Ulmus americana,71.15616659,56.07476636,43.92523364,0.0162
1017,Ulmus americana,69.6422056,52.57731959,47.42268041,0.0147
1018,Ulmus americana,95.37954245,62.2754491,37.7245509,0.0253
1019,Ulmus americana,69.6422056,58.55855856,41.44144144,0.0168
1020,Ulmus americana,60.55843965,60.78431373,39.21568627,0.0154
1021,Syringa reticulata,19.68149289,73.46938776,26.53061224,0.0074
1022,Syringa reticulata,30.27921983,72.60273973,27.39726027,0.0111
1023,Syringa reticulata,22.70941487,75,25,0.0091
1024,Syringa reticulata,31.79318082,73.41772152,26.58227848,0.012
1025,Syringa reticulata,18.1675319,73.91304348,26.08695652,0.007
1026,Syringa reticulata,34.8211028,70.51282051,29.48717949,0.0118
1027,Syringa reticulata,24.22337586,77.46478873,22.53521127,0.0107
1028,Syringa reticulata,25.73733685,77.02702703,22.97297297,0.0112
1029,Syringa reticulata,43.90486875,70.10309278,29.89690722,0.0147
1030,Syringa reticulata,33.30714181,71.42857143,28.57142857,0.0117
1031,Syringa reticulata,22.70941487,74.13793103,25.86206897,0.0088
1032,Syringa reticulata,25.73733685,75.36231884,24.63768116,0.0104
1033,Syringa reticulata,42.39090776,71.71717172,28.28282828,0.015
1034,Syringa reticulata,22.70941487,76.5625,23.4375,0.0097
1035,Syringa reticulata,19.68149289,78.68852459,21.31147541,0.0092
